threshold,recall
6,0.6454179078324864
7,0.6884177326090766
8,0.7201682144734537
9,0.7461538461538462
10,0.7680217277028211
11,0.7874364815139303
12,0.8045733309970212
13,0.8204135272472403
14,0.8353951287892062
15,0.8487646749605747
16,0.8605747327843
17,0.8711932714210618
18,0.8816365866479762
19,0.8914666199404241
20,0.899929910636061
